{
    "Version": "2012-10-17",
    "Statement": [
        {
            "Effect": "Allow",
            "Action": [
                "iam:PassRole",
                "logs:CreateLogStream",
                "lambda:AddPermission",
                "lambda:InvokeFunction",
                "lambda:GetFunction",
                "redshift:DeleteCluster",
                "redshift:CreateCluster",
                "redshift:DescribeClusterSnapshots",
                "redshift:RestoreFromClusterSnapshot",
                "lambda:InvokeAsync",
                "logs:CreateLogGroup",
                "logs:PutLogEvents",
                "ec2:DescribeAccountAttributes",
                "ec2:DescribeAddresses",
                "ec2:DescribeAvailabilityZones",
                "ec2:DescribeSecurityGroups",
                "ec2:DescribeSubnets",
                "ec2:DescribeVpcs",
                "ec2:DescribeInternetGateways"
            ],
            "Resource": "*"
        },
        {
            "Effect": "Allow",
            "Action": "iam:CreateServiceLinkedRole",
            "Resource": "arn:aws:iam::*:role/aws-service-role/redshift.amazonaws.com/AWSServiceRoleForRedshift",
            "Condition": {
                "StringLike": {
                    "iam:AWSServiceName": "redshift.amazonaws.com"
                }
            }
        }
    ]
}