[
  {
    "archiveColumn": "starttime",
    "table": "hist_stl_load_errors"
  },
  {
    "archiveColumn": "service_class_start_time",
    "table": "hist_stl_wlm_query"
  },
  {
    "archiveColumn": "starttime",
    "table": "hist_stl_query"
  },
  {
    "table": "hist_stl_explain",
    "override_sql": "delete from history.hist_stl_explain using history.hist_stl_query b where hist_stl_explain.query = b.query and b.starttime < to_timestamp('%s','yyyy-mm-dd HH:MI:SS')"
  },
  {
    "table": "hist_svl_query_summary",
    "override_sql": "delete from history.hist_svl_query_summary using history.hist_stl_query b where hist_svl_query_summary.query = b.query and b.starttime < to_timestamp('%s','yyyy-mm-dd HH:MI:SS')"
  }
]